month,split,actual,previous,Naive (no change),Drift (6-month mean),"ARIMA(1, 0, 0)",Ridge regression,LSTM ensemble (h=64)
2007-09-01,train,88.96206349206349,88.31067743764174,88.31067743764174,89.06859223977322,88.80185016128806,87.97747357552059,86.56218376108457
2007-10-01,train,89.6150028344671,88.96206349206349,88.96206349206349,89.7220673286054,89.45061769689445,89.16424026613076,88.14505545130405
2007-11-01,train,87.80729591836733,89.6150028344671,89.6150028344671,89.88324090335962,90.1063370977301,89.91130495292109,89.8226392696375
2007-12-01,train,88.53329365079365,87.80729591836733,87.80729591836733,87.76071256392105,87.68824245363876,88.1809570323805,88.96022839259777
2008-01-01,train,88.57856292517008,88.53329365079365,88.53329365079365,88.46451938643332,89.03891328839754,89.0272841644787,90.14185534964967
2008-02-01,train,88.4016865079365,88.57856292517008,88.57856292517008,88.73609163461145,88.91504483277852,89.03361840049739,89.71650200759522
2008-03-01,train,90.71427437641724,88.4016865079365,88.4016865079365,88.4168638021738,88.68262012989325,89.04299307096903,88.75085118123654
2008-04-01,train,91.93465702947846,90.71427437641724,90.71427437641724,91.00964664636699,91.62870215388403,91.39763306566705,91.36635430161647
2008-05-01,train,93.61712868480724,91.93465702947846,91.93465702947846,92.32706213904855,92.57665667517874,92.5189191898729,92.43343194419256
2008-06-01,train,94.63895408163263,93.61712868480724,93.61712868480724,94.62214069365152,94.38181101563302,94.13713469798411,94.37689122793714
2008-07-01,train,94.39702664399093,94.63895408163263,94.63895408163263,95.69674154976768,95.24096186429759,94.58349648763546,94.83032750574176
2008-08-01,train,92.25135770975056,94.39702664399093,94.39702664399093,95.40327038490595,94.68392650733112,93.94278276430488,93.43457757424721
2008-09-01,train,86.08314625850342,92.25135770975056,92.25135770975056,92.90907493391718,92.06693784192018,91.23786359652293,89.88649918779814
2008-10-01,train,86.60714002267574,86.08314625850342,86.08314625850342,85.33461139876586,84.93818262003155,85.05476603439396,83.77742302035081
2008-11-01,train,83.85159863945577,86.60714002267574,86.60714002267574,85.74973177414256,87.05528646169255,86.08931452026897,84.64795069996708
2008-12-01,train,80.9248157596372,83.85159863945577,83.85159863945577,82.32606391754881,83.49153877948645,83.89901318375789,83.55000802352664
2009-01-01,train,88.17978458049889,80.9248157596372,80.9248157596372,78.84067802869576,80.51391379530197,82.33890591469407,84.98072812270102
2009-02-01,train,89.60418934240363,88.17978458049889,88.17978458049889,87.18413973484402,90.39627496915111,91.09368621977495,91.0367061707228
2009-03-01,train,87.53573129251699,89.60418934240363,89.60418934240363,89.17043935915467,90.28910792583757,91.34056138527271,88.8561293928605
2009-04-01,train,88.82293650793652,87.53573129251699,87.53573129251699,87.78020074946811,87.3529354825319,88.85551825194155,87.36452866130413
2009-05-01,train,86.14136904761904,88.82293650793652,88.82293650793652,89.19770872814894,89.47042314542921,89.00422495092873,89.55525281773808
2009-06-01,train,88.0781037414966,86.14136904761904,86.14136904761904,86.52903098811235,85.80696697880528,86.58312782864016,87.14823113212397
2009-07-01,train,92.70298469387754,88.0781037414966,88.0781037414966,89.33034174930236,88.88728988302302,89.18478497762844,89.35930142854518
2009-08-01,train,91.96888605442177,92.70298469387754,92.70298469387754,93.47909466289663,94.22437024359192,92.97273111582285,93.17089719644152
2009-09-01,train,88.59275226757369,91.96888605442177,91.96888605442177,92.36902542380952,92.12592897364303,92.05114958229154,91.57326515982518
2009-10-01,train,86.74210317460316,88.59275226757369,88.59275226757369,88.77015922087308,88.10225414906068,87.35015850511115,86.76007509561674
2009-11-01,train,86.20657029478457,86.74210317460316,86.74210317460316,86.40006810421167,86.60885701427101,86.4900771381632,86.7410886332026
2009-12-01,train,89.1176842403628,86.20657029478457,86.20657029478457,86.21744196636264,86.39118218385862,86.78616754970011,86.96358213766283
2010-01-01,train,91.02933106575964,89.1176842403628,89.1176842403628,89.29213669364562,90.18006204534709,90.38795039797374,90.35095258422616
2010-02-01,train,89.87161848072563,91.02933106575964,91.02933106575964,90.75334131983406,91.84276167460338,92.19492873238647,91.73216451717047
2010-03-01,train,89.14123582766442,89.87161848072563,89.87161848072563,89.52675342978137,89.91755434245374,89.77885269740895,89.44566928896266
2010-04-01,train,88.33555839002268,89.14123582766442,89.14123582766442,89.23297932548915,89.28883313911216,89.50724651512215,89.50192274770309
2010-05-01,train,87.60679421768705,88.33555839002268,88.33555839002268,88.6039657301106,88.4617804521971,88.65013469473243,89.32929180649349
2010-06-01,train,88.74140022675735,87.60679421768705,87.60679421768705,87.84236612864416,87.74916890001855,87.55774325727468,87.89565206969587
2010-07-01,train,87.62867063492062,88.74140022675735,88.74140022675735,88.67884087211141,89.35019140062597,88.66895785008828,89.04611916484258
2010-08-01,train,86.8183304988662,87.62867063492062,87.62867063492062,87.07437555451664,87.6773774360723,87.2956245422768,87.60826250777471
2010-09-01,train,85.78644557823131,86.8183304988662,86.8183304988662,86.31963091507379,86.93786036534533,86.7858158402656,86.55946659703318
2010-10-01,train,84.26098356009072,85.78644557823131,85.78644557823131,85.23971934482626,85.84812358100017,85.90629323371546,85.70990348630572
2010-11-01,train,85.6784948979592,84.26098356009072,84.26098356009072,83.60039931553227,84.19727333194055,84.40101876887302,84.2787179604188
2010-12-01,train,86.13980442176869,85.6784948979592,85.6784948979592,85.36126361598217,86.34742028757961,86.08952936938726,86.53487087028554
2011-01-01,train,86.65019557823129,86.13980442176869,86.13980442176869,85.71368146364485,86.57062063386175,86.90599264781443,87.37435589038492
2011-02-01,train,87.03484410430838,86.65019557823129,86.65019557823129,86.48818194449024,87.09510995734873,87.36771013703311,87.25738742915931
2011-03-01,train,89.13642573696144,87.03484410430838,87.03484410430838,87.07098216468354,87.44986489355075,87.62116010530539,87.40162984199485
2011-04-01,train,89.08846655328799,89.13642573696144,89.13642573696144,89.70733858616472,89.99137540296479,89.7591518329077,89.8060482837342
2011-05-01,train,88.4976984126984,89.08846655328799,89.08846655328799,89.91951937123245,89.40376048587613,89.29887263390452,89.49845730673628
2011-06-01,train,87.83961734693878,88.4976984126984,88.4976984126984,88.97650320772208,88.6771553678762,88.10644894521387,88.35043796352123
2011-07-01,train,91.09157879818592,87.83961734693878,87.83961734693878,88.12616288400241,88.00015811635252,87.15918591625712,87.39739784991458
2011-08-01,train,89.31403344671203,91.09157879818592,91.09157879818592,91.85363401051947,92.24887858567014,91.05045694010134,90.90677956793066
2011-09-01,train,86.70563775510206,89.31403344671203,89.31403344671203,89.69965936725232,89.20769735783442,89.28898627516148,88.32614093539308
2011-10-01,train,87.65423752834467,86.70563775510206,86.70563775510206,86.30700059060449,86.39066209832491,86.82719654914108,86.48715232972734
2011-11-01,train,87.70965986394557,87.65423752834467,87.65423752834467,87.41745428861307,88.21236368798887,87.80007136855356,88.0750616969331
2011-12-01,train,89.4234948979592,87.70965986394557,87.70965986394557,87.57900402658838,88.04546424337533,88.26165688044084,88.93258831940507
2012-01-01,train,89.10552437641725,89.4234948979592,89.4234948979592,89.6902373280792,90.18094765009435,90.42220880174865,90.32223690232743
2012-02-01,train,91.32008219954649,89.10552437641725,89.10552437641725,88.77875093947465,89.35426178015382,89.49592136319411,89.13579651365916
2012-03-01,train,91.66075963718822,91.32008219954649,91.32008219954649,91.65877715731702,92.21165277483479,92.18259491388778,91.46250252813728
2012-04-01,train,92.34140306122448,91.66075963718822,91.66075963718822,92.51371863478042,92.08182401696492,92.22142854415415,92.14615262062861
2012-05-01,train,92.51561791383219,92.34140306122448,92.34140306122448,93.14661160348001,92.849642425104,92.69019676503356,92.48158385635404
2012-06-01,train,95.27459467120181,92.51561791383219,92.51561791383219,93.34183298101908,92.89850046561526,92.28141407788252,92.73040725718438
2012-07-01,train,96.03582482993197,95.27459467120181,95.27459467120181,96.28634210063564,96.31951158979912,95.14066096661938,95.26820529936775
2012-08-01,train,97.15437358276644,96.03582482993197,96.03582482993197,97.24218547649379,96.57772280855711,96.10418088434328,96.3022194744686
2012-09-01,train,96.8603656462585,97.15437358276644,97.15437358276644,98.16236947234071,97.78983178362404,97.53833732882977,97.38854470171718
2012-10-01,train,95.79695578231293,96.8603656462585,96.8603656462585,97.75520245803253,97.14347075060732,96.98109669454674,96.39034466752247
2012-11-01,train,94.29649943310658,95.79695578231293,95.79695578231293,96.38532473948841,95.88750510636274,95.98477787236213,95.3845397979668
2012-12-01,train,94.71286848072559,94.29649943310658,94.29649943310658,94.59662824059755,94.27526405013458,94.38503893256214,94.38420275122944
2013-01-01,train,95.52624433106575,94.71286848072559,94.71286848072559,94.61956996432659,95.16395123857706,95.13907988147065,95.28490632969856
2013-02-01,train,96.14434807256234,95.52624433106575,95.52624433106575,95.44157751653101,96.07930847088237,96.39393704068613,96.36994441781131
2013-03-01,train,99.63445578231293,96.14434807256234,96.14434807256234,95.97703431367557,96.65092082313049,97.13967913622297,96.63921736727202
2013-04-01,train,101.30052154195012,99.63445578231293,99.63445578231293,100.10446780627711,100.883000340298,100.21298903146071,99.63984183577655
2013-05-01,train,100.98711451247165,101.30052154195012,101.30052154195012,102.24804433249062,102.08891280777898,101.41967944265454,101.39271529189446
2013-06-01,train,102.30265022675735,100.98711451247165,100.98711451247165,102.14748905435863,101.28058777170308,100.99313797901924,101.75941358720968
2013-07-01,train,104.18793083900228,102.30265022675735,102.30265022675735,103.62547485906543,103.00637123035588,102.51211730135462,103.69471750456144
2013-08-01,train,108.60883219954647,104.18793083900228,104.18793083900228,105.70605490493374,105.04220445927204,104.56853928720247,105.0518270202163
2013-09-01,train,108.19647959183676,108.60883219954647,108.60883219954647,110.83800704269674,110.12983277209855,109.22569669973142,108.9149414945577
2013-10-01,train,106.44733560090701,108.19647959183676,108.19647959183676,109.69337355772277,108.49204421427099,108.17959365974747,107.01948747949284
2013-11-01,train,101.13666099773242,106.44733560090701,106.44733560090701,107.33021049960762,106.40994552324292,105.93704386980785,104.91849703917309
2013-12-01,train,101.52193594104308,101.13666099773242,101.13666099773242,101.16160693348728,100.23578462890714,100.9671366587143,100.62089699068493
2014-01-01,train,97.01395691609979,101.52193594104308,101.52193594104308,101.39239737146917,101.99027467819384,102.37004358077007,103.2417113474177
2014-02-01,train,95.92342687074829,97.01395691609979,97.01395691609979,95.86726836607197,96.28633620690977,97.90782541098736,98.13180435604797
2014-03-01,train,98.03211167800453,95.92342687074829,95.92342687074829,93.95818289728524,96.00782256392479,97.04386184899343,96.39093462762953
2014-04-01,train,97.72728458049885,98.03211167800453,98.03211167800453,96.43341846195071,98.92081638164541,98.6083149951239,98.18563483646788
2014-05-01,train,97.76453514739228,97.72728458049885,97.72728458049885,96.34503477500944,98.01090596489853,98.11639566792641,97.72479987500736
2014-06-01,train,98.52071712018142,97.76453514739228,97.76453514739228,97.21354810597498,98.13276515430472,98.04603758730039,98.61750188287954
2014-07-01,train,98.62229308390022,98.52071712018142,98.52071712018142,98.02921162420346,99.0704556450772,98.50040789781171,99.36406240942065
2014-08-01,train,98.97555555555554,98.62229308390022,98.62229308390022,98.8929295622505,99.00959836909838,98.39874262126239,98.5379530956073
2014-09-01,train,98.57073696145126,98.97555555555554,98.97555555555554,99.49360303643074,99.42659369635827,98.85303279390055,98.26599954346139
2014-10-01,train,98.14358560090702,98.57073696145126,98.57073696145126,98.66079512440591,98.83283120867942,98.27357000713683,97.79048439052555
2014-11-01,train,98.36748866213149,98.14358560090702,98.14358560090702,98.2131413115723,98.39861720337275,98.23221781178283,97.62381655772442
2014-12-01,train,100.67441326530613,98.36748866213149,98.36748866213149,98.46834183322457,98.78417947690737,99.18819555669147,99.64088452303652
2015-01-01,train,99.63667517006805,100.67441326530613,100.67441326530613,101.03791237652241,101.62304216764056,101.23317001912096,99.92117274983576
2015-02-01,train,93.48375566893425,99.63667517006805,99.63667517006805,99.80675032999505,99.74752346814797,99.65276628457524,98.26795985458777
2015-03-01,train,100.9847335600907,93.48375566893425,93.48375566893425,92.5985498845277,92.364580877313,94.7846080992358,96.8380662086862
2015-04-01,train,102.11662414965987,100.9847335600907,100.9847335600907,101.39277531645466,103.30198130804776,102.32557591482193,102.66077297406532
2015-05-01,train,105.05946712018142,102.11662414965987,102.11662414965987,102.7942614415421,102.77355285733081,103.71337450176023,103.35327327978338
2015-06-01,train,107.35341269841271,105.05946712018142,105.05946712018142,106.21824674543966,106.18618767344577,106.5989262928622,106.30279237148386
2015-07-01,train,103.17545634920633,107.35341269841271,107.35341269841271,108.50888801265296,108.32274572875971,106.59068681656007,106.70962771581095
2015-08-01,train,103.49521258503401,103.17545634920633,103.17545634920633,103.77735408950424,102.54620163261093,102.8707492746457,101.05447600591876
2015-09-01,train,98.70096088435376,103.49521258503401,103.49521258503401,105.26506892324872,103.95451762869149,102.76069913769021,100.47726342924038
2015-10-01,train,98.8596343537415,98.70096088435376,98.70096088435376,98.32538527280494,97.9121570802985,98.44189713981945,97.55321014040317
2015-11-01,train,101.48942176870746,98.8596343537415,98.8596343537415,98.32699307879443,99.26195794102945,100.08515876404574,101.88589001185902
2015-12-01,train,110.96788548752836,101.48942176870746,101.48942176870746,100.90632176194917,102.52332784395867,102.85975190097491,107.64470821820896
2016-01-01,train,113.3498469387755,110.96788548752836,110.96788548752836,111.58202013549258,113.85335552103582,113.06162494089374,115.21301451783144
2016-02-01,train,114.12271258503404,113.3498469387755,113.3498469387755,115.1405663386335,114.36313218798604,114.05358332850798,113.82760102406839
2016-03-01,train,120.07774659863946,114.12271258503404,114.12271258503404,115.99716898644529,114.7337831076158,115.51239139410256,118.08007794719913
2016-04-01,train,126.22068310657596,120.07774659863946,120.07774659863946,124.06598294064517,122.03901850278231,122.629384616889,128.11974888086215
2016-05-01,train,135.58985827664398,126.22068310657596,126.22068310657596,131.4667057473556,128.25154030611853,129.15952274071122,133.9912251898441
2016-06-01,train,141.01896541950114,135.58985827664398,135.58985827664398,142.29673814371372,138.5105977867211,138.31789548051827,141.2048826295209
2016-07-01,train,142.67580215419503,141.01896541950114,141.01896541950114,146.76558379926732,142.9129367376459,144.5981192234248,144.14531942262204
2016-08-01,train,146.89769841269842,142.67580215419503,142.67580215419503,148.253590577064,143.61256513676966,144.40578147506028,144.75465554625984
2016-09-01,train,145.32839569160998,146.89769841269842,146.89769841269842,153.21059843387326,148.50058062849544,145.547579686091,146.33691535551574
2016-10-01,train,144.09191326530612,145.32839569160998,145.32839569160998,150.0255189364938,145.47648535696132,145.0144441081219,143.95155586482161
2016-11-01,train,143.21239229024943,144.09191326530612,144.09191326530612,147.3073629419293,144.316822117189,143.64631050276202,144.24521700918348
2016-12-01,train,144.15743480725624,143.21239229024943,143.21239229024943,144.52384199335594,143.5215724503287,145.0891216066668,142.97419107182435
2017-01-01,train,147.564056122449,144.15743480725624,144.15743480725624,144.6872623245279,144.92153788701754,146.70880501147997,146.40768218319792
2017-02-01,train,148.7697760770975,147.564056122449,147.564056122449,148.39489510496102,148.96093959321712,149.05733248331305,148.7581379524407
2017-03-01,train,150.80094671201817,148.7697760770975,148.7697760770975,149.08410037844348,149.61585339549094,149.71203330136248,148.84415281437913
2017-04-01,train,151.29057823129253,150.80094671201817,150.80094671201817,151.73286776631886,151.86141026763852,151.06771964803823,150.36652574942804
2017-05-01,train,152.85764455782314,151.29057823129253,151.29057823129253,152.52484601435611,151.96751106272282,151.00870418927067,151.691727834233
2017-06-01,train,152.00697845804987,152.85764455782314,152.85764455782314,154.52719585321015,153.8090957744343,152.56041472407477,152.4706354695701
2017-07-01,train,152.35492630385488,152.00697845804987,152.00697845804987,153.35617685558952,152.3554937792385,151.58670112963733,151.3157973500953
2017-08-01,train,153.45181972789118,152.35492630385488,152.35492630385488,153.16839243975295,153.00059880986473,152.89541238547804,152.07953568791368
2017-09-01,train,151.79245464852607,153.45181972789118,153.45181972789118,154.24636276675002,154.2878709857914,153.9956943042549,153.31623553180643
2017-10-01,train,149.88601190476192,151.79245464852607,151.79245464852607,151.9583386195723,151.94218642059946,152.81943597428457,152.2762734900567
2017-11-01,train,152.6508871882086,149.88601190476192,149.88601190476192,149.65318856364777,149.9685551596874,150.20748981983925,151.28976836710314
2017-12-01,train,159.09312358276642,152.6508871882086,152.6508871882086,152.61645482627546,153.90319818394838,153.5533329043742,156.7795393456375
2018-01-01,train,167.6061536281179,159.09312358276642,159.09312358276642,160.3058565981333,161.31236927419943,160.9284921509222,164.60602952679918
2018-02-01,train,173.72427721088434,167.6061536281179,167.6061536281179,170.29250578322515,170.39671566078871,169.90348166514906,171.25775124100622
2018-03-01,train,167.5907199546485,173.72427721088434,173.72427721088434,177.35438277196786,175.9097210275628,174.57130789068577,170.44454641272412
2018-04-01,train,158.323089569161,167.5907199546485,167.5907199546485,170.3792087761538,166.72264722794054,167.76727229729426,161.12667695182634
2018-05-01,train,155.7360119047619,158.323089569161,158.323089569161,159.77473831315802,156.69219013045705,158.7183788667848,154.79250531751848
2018-06-01,train,155.1801020408163,155.7360119047619,155.7360119047619,156.2562275779652,155.67451774863088,157.00789470885286,155.71996530441464
2018-07-01,train,154.87665816326532,155.1801020408163,155.1801020408163,154.53735348628499,155.612755663607,157.16882909953938,155.2108456403285
2018-08-01,train,151.78971088435372,154.87665816326532,154.87665816326532,152.85112423939884,155.37043245604167,156.05055932506954,153.26000313840817
2018-09-01,train,150.64492630385487,151.78971088435372,151.78971088435372,148.41323689202017,151.59306707629435,151.3101481791461,148.95947436381547
2018-10-01,train,148.92091553287983,150.64492630385487,150.64492630385487,147.99212279281474,150.91628981148546,151.04327143912394,150.13693058758247
2018-11-01,train,148.95302721088436,148.92091553287983,148.92091553287983,147.409091992729,149.04438829354916,149.6670751686526,151.1299044281539
2018-12-01,train,148.7623327664399,148.95302721088436,148.95302721088436,147.85160659982637,149.50796071142258,149.09206389734834,150.283552418177
2019-01-01,train,148.9428344671202,148.7623327664399,148.7623327664399,147.71881138727937,149.26148954781476,149.2106381005161,149.93886545603064
2019-02-01,train,147.73106292517008,148.9428344671202,148.9428344671202,147.97620618427243,149.5344687818397,150.2318569542466,150.8709646163912
2019-03-01,train,146.50389455782312,147.73106292517008,147.73106292517008,147.06525175310577,147.97534567561854,149.60187191431388,149.4921405715472
2019-04-01,train,146.28199829931972,146.50389455782312,146.50389455782312,145.82487514143367,146.73991415581526,148.21231326681038,147.6560118219347
2019-05-01,train,146.23303571428568,146.28199829931972,146.28199829931972,145.84674765687296,146.764342873356,147.36268004562524,147.79307317537248
2019-06-01,train,144.75048752834465,146.23303571428568,146.23303571428568,145.7845574341129,146.75792782589582,146.36462208824543,147.2179065241072
2019-07-01,train,143.54468253968253,144.75048752834465,144.75048752834465,144.09244511325562,144.9176460614048,143.94760655144967,144.48195209127454
2019-08-01,train,143.15399376417236,143.54468253968253,143.54468253968253,142.66420641762366,143.77509662047302,142.84637850850683,143.3070361595048
2019-09-01,train,142.70941609977325,143.15399376417236,143.15399376417236,142.4050562378729,143.58321151008522,142.48353754903803,142.1906991221508
2019-10-01,train,144.50058673469388,142.70941609977325,142.70941609977325,142.08662737048385,143.12372034543367,143.15769031702789,142.64921183671916
2019-11-01,train,146.20339852607708,144.50058673469388,144.50058673469388,144.20580111127498,145.47774214337267,144.95650619497007,144.4721702690762
2019-12-01,train,147.09354591836737,146.20339852607708,146.20339852607708,146.19845957871658,147.16458015477082,147.13947134475558,147.56027348916047
2020-01-01,train,146.53976190476192,147.09354591836737,147.09354591836737,147.4877265200536,147.85472670048608,148.25287337739638,148.50158957894882
2020-02-01,train,145.4862783446712,146.53976190476192,146.53976190476192,147.04498260086692,146.9412276155979,146.94041838064055,146.1753664417363
2020-03-01,train,139.16077664399094,145.4862783446712,145.4862783446712,145.87867008692098,145.76111835296115,145.57121191352772,144.11371714587958
2020-04-01,train,136.71510770975055,139.16077664399094,139.16077664399094,138.577975677244,138.15000857299128,138.4183952397398,138.52990130966847
2020-05-01,train,137.1036961451247,136.71510770975055,136.71510770975055,135.4589355930633,136.61885468770453,135.0906924654011,134.02691996861458
2020-06-01,train,139.01701530612246,137.1036961451247,137.1036961451247,135.64312254770243,137.7034629094105,138.87803963746322,142.609136601409
2020-07-01,train,148.05817743764172,139.01701530612246,139.01701530612246,137.71471586291287,140.0048953129045,142.95503804736367,147.99068785223875
2020-08-01,train,155.17776077097508,148.05817743764172,148.05817743764172,148.3127719585761,150.9274975644359,151.3653669709426,157.36270277953264
2020-09-01,train,161.6261224489796,155.17776077097508,155.17776077097508,156.85464652226662,157.56085267557003,157.26822526113165,160.34512755922188
2020-10-01,train,161.2833390022676,161.6261224489796,161.6261224489796,165.70820221718725,163.85559374235632,159.85408147900222,162.77545083768243
2020-11-01,train,167.9896173469388,161.2833390022676,161.2833390022676,165.78745780282844,161.79092971265723,160.66260416323277,162.05820249715794
2020-12-01,train,168.63025510204082,167.9896173469388,167.9896173469388,173.7752760795405,170.30791644500374,169.3758685071002,171.3744363635138
2021-01-01,train,171.0719359410431,168.63025510204082,168.63025510204082,174.14596645762217,169.4083472554002,171.61296904793244,173.26548630085168
2021-02-01,train,172.9775,171.0719359410431,171.0719359410431,175.24131306155158,172.30955239500105,173.83721233971838,173.33884683230826
2021-03-01,train,178.52041099773245,172.9775,172.9775,176.1366120944211,174.0873335444688,174.6311632251916,173.9860234992812
2021-04-01,train,175.27384353741493,178.52041099773245,178.52041099773245,181.50305194788004,180.57422986219603,179.63580899564514,178.95596743499243
2021-05-01,train,176.86379535147395,175.27384353741493,175.27384353741493,177.72084835908817,175.12356612824064,174.88403516524255,174.69684126173345
2021-06-01,train,175.87900793650792,176.86379535147395,176.86379535147395,178.387748295863,177.90878611402638,177.39430097374958,178.67175099159473
2021-07-01,train,175.45156462585035,175.87900793650792,175.87900793650792,177.11707263946775,176.2821263771946,175.65203306176195,176.77493877503852
2021-08-01,train,175.33658730158731,175.45156462585035,175.45156462585035,176.192326990894,175.99029103685993,175.07510117310036,174.80030219889218
2021-09-01,train,173.5393282312925,175.33658730158731,175.33658730158731,175.73288472198834,175.95203403436568,174.65895564143852,172.92117208693324
2021-10-01,train,173.02975340136052,173.5393282312925,173.5393282312925,172.7227660305752,173.73488379640762,172.76137048992163,171.92599539924683
2021-11-01,train,176.47186507936507,173.02975340136052,173.02975340136052,172.6585417456102,173.53934102481682,174.21696473333753,174.25386194964378
2021-12-01,train,179.66571145124718,176.47186507936507,176.47186507936507,176.40662785859845,177.98184978161322,177.44593087182145,179.185256407898
2022-01-01,train,193.14176870748298,179.66571145124718,179.66571145124718,180.30470812779114,181.124381121411,180.7347183330705,181.72221790712368
2022-02-01,train,199.13298752834467,193.14176870748298,193.14176870748298,196.258901619036,197.3374294971243,196.1749303977742,197.83103201451488
2022-03-01,train,206.14628684807255,199.13298752834467,199.13298752834467,203.40189093717348,201.37465892830483,201.31223592945702,200.73760653914238
2022-04-01,train,199.93603174603172,206.14628684807255,206.14628684807255,212.14776007565774,208.67584951769263,209.09479569286586,206.0126228951458
2022-05-01,validation,194.9341808390023,199.93603174603172,199.93603174603172,204.8107657705809,199.16314438972867,199.3151765683115,195.0158568779576
2022-06-01,validation,197.9057142857143,194.9341808390023,194.9341808390023,198.19380904215407,194.43218528938485,195.0285067025359,192.60629698902417
2022-07-01,validation,205.54501984126983,197.9057142857143,197.9057142857143,201.1208934087035,199.37446007199821,198.80020836066396,197.36960385229153
2022-08-01,validation,205.35643140589568,205.54501984126983,205.54501984126983,207.68832532905478,208.23450211950453,206.95030699322382,204.12438680416253
2022-09-01,validation,202.42285997732424,205.35643140589568,205.35643140589568,206.4124198695329,206.0639245378927,206.10468710191716,202.1697873966114
2022-10-01,validation,209.8890901360544,202.42285997732424,202.42285997732424,201.80886037482628,202.447042054735,201.4937071455932,199.48539170549742
2022-11-01,validation,233.64959750566896,209.8890901360544,209.8890901360544,211.59545307946536,212.5487539943386,211.32353468122105,213.58331236169553
2022-12-01,validation,248.9432142857143,233.64959750566896,233.64959750566896,240.81186280311042,240.7884020648045,238.68992154412607,243.61668849728832
2023-01-01,validation,253.7467715419501,248.9432142857143,248.9432142857143,258.64690493288475,253.7922543247006,253.10880133176906,253.20971008952057
2023-02-01,validation,230.96002267573695,253.7467715419501,253.7467715419501,262.81457909223303,255.88100905961176,256.8058742227406,257.78924499877473
2023-03-01,validation,225.9309722222222,230.96002267573695,230.96002267573695,235.52746854987032,226.49452579254591,231.06038759126858,232.80757333714698
2023-04-01,validation,224.13090702947846,225.9309722222222,225.9309722222222,230.106281124543,225.53363742944887,227.42606778798876,231.51660532601744
2023-05-01,validation,226.84280895691612,224.13090702947846,224.13090702947846,226.59677747666322,224.51092023363452,227.49102252308398,232.5333851029267
2023-06-01,validation,252.01739795918365,226.84280895691612,226.84280895691612,225.72778135277764,228.35168288611712,229.86064168812766,230.26737317348375
2023-07-01,validation,270.50730725623583,252.01739795918365,252.01739795918365,252.5334401524657,259.5892588023473,263.9885987625487,259.16355631387245
2023-08-01,validation,262.9769444444444,270.50730725623583,270.50730725623583,273.4064445527059,276.2797041705197,275.7891812708998,272.9274960486011
2023-09-01,validation,261.26010487528345,262.9769444444444,262.9769444444444,268.72896854623644,262.1125003510909,258.5853732437521,260.3886026039692
2023-10-01,validation,282.14756802721087,261.26010487528345,261.26010487528345,267.6636018433818,261.7965668650373,261.08507237382867,258.92229635632657
2023-11-01,validation,312.57111961451244,282.14756802721087,282.14756802721087,293.18296884912473,288.6028142341142,280.1517507953411,285.93030349819696
2023-12-01,validation,358.0303684807256,312.57111961451244,312.57111961451244,329.72571627451714,321.73712277988136,325.69183321257697,320.95640155382733
2024-01-01,validation,402.2245663265306,358.0303684807256,358.0303684807256,379.60747513570766,371.57406524582166,368.0723173422341,375.47512289582977
2024-02-01,validation,435.5904166666667,402.2245663265306,402.2245663265306,429.71797837654435,415.44966817350274,418.6570433850421,423.730129805097
2024-03-01,validation,459.2587301587301,435.5904166666667,435.5904166666667,473.81094637531226,445.861441286197,452.66211350800677,455.2452857483806
2024-04-01,validation,450.6054733560091,459.2587301587301,459.2587301587301,504.53133163025853,466.9954092394129,459.480889683526,453.81952053471144
2024-05-01,test,454.50472222222214,450.6054733560091,450.6054733560091,487.1729367814435,450.14499557515967,449.0825316350462,449.7125061927943
2024-06-01,test,466.1253599773242,454.50472222222214,454.50472222222214,483.76746629661693,457.14347011820723,461.2695497685368,454.8452392778262
2024-07-01,test,470.1043112244898,466.1253599773242,466.1253599773242,487.0795275838641,470.7570558173414,471.71872059946855,469.234138592328
2024-08-01,test,466.06768424036284,470.1043112244898,470.1043112244898,482.4828057722761,472.82009398292075,485.47981090964885,476.9000519952852
2024-09-01,test,463.4430612244897,466.06768424036284,466.06768424036284,471.3506428859705,466.78605084888886,460.9355234036056,458.84547537922174
2024-10-01,test,483.80334750566897,463.4430612244897,463.4430612244897,464.144146861448,464.4979878741439,462.5405511189876,460.0445856221946
2024-11-01,test,497.0266666666666,483.80334750566897,483.80334750566897,489.5694058099551,490.7526772987555,489.3187419320111,489.1255832439363
2024-12-01,test,500.67451247165525,497.0266666666666,497.0266666666666,504.4907859971838,502.1781027730094,501.79967798991055,513.34098027815
2025-01-01,test,501.36630668934237,500.67451247165525,500.67451247165525,506.67671041395766,503.4195489543514,506.3317818049942,499.9429201323314
2025-02-01,test,479.4214342403628,501.36630668934237,501.36630668934237,506.77513324060016,503.3787061918121,501.41659467043553,500.08671884854
2025-03-01,test,482.2385969387756,479.4214342403628,479.4214342403628,481.6839653046782,475.90345995887964,483.74755855537916,479.25261754059585
2025-04-01,test,491.4975,482.2385969387756,482.2385969387756,485.44447679720105,484.70888440206096,486.9483950602546,487.77505288534405
2025-05-01,test,498.16186507936516,491.4975,491.4975,492.7917030483148,495.6199343259581,497.8287286862195,497.8263884400749
2025-06-01,test,503.86377834467123,498.16186507936516,498.16186507936516,498.3513167298402,501.6536004529861,499.9489098615456,499.02614454780996
2025-07-01,test,513.6281150793651,503.86377834467123,503.86377834467123,504.3972942832082,507.13453049695494,503.66539660633265,505.25436605530456
2025-08-01,test,527.8459835600908,513.6281150793651,513.6281150793651,515.700709361944,517.9585972972418,513.4534333058342,512.699763061039
2025-09-01,test,535.4560402494332,527.8459835600908,527.8459835600908,536.3795155842661,533.3615227960192,529.0913528548633,523.0520810244891
2025-10-01,test,583.965096371882,535.4560402494332,535.4560402494332,544.879912891782,539.3216228542243,536.1060365504716,526.9324065683934
2025-11-01,test,589.3896201814059,583.965096371882,583.965096371882,600.9861813231877,598.7713292242034,586.4859037189665,578.2137963548297
2025-12-01,test,614.0066213151928,589.3896201814059,589.3896201814059,606.1421483510011,592.9035456249367,591.5109922215339,580.0898168406532
2026-01-01,test,640.3167488662131,614.0066213151928,614.0066213151928,634.5751197846081,622.5074928909665,618.5203585693689,605.745281181043
2026-02-01,test,640.6091553287982,640.3167488662131,640.3167488662131,664.2820860711369,649.3481377682373,646.7454857796739,626.0052691725026
2026-03-01,test,684.8421513605443,640.6091553287982,640.6091553287982,661.6182269474607,643.0339674345986,650.5473480543466,621.7051910910129
2026-04-01,test,696.7920408163266,684.8421513605443,684.8421513605443,713.5125117106353,698.761373841622,706.5581274015827,683.2686710553774
