month,period,price_close,price_high,price_low,cross_state_cv,trust_score,states,usd_ngn,brent_usd,mom_pct,spread_pct,pelt_regime
2007-01-01,0,81.6595068027211,84.45388321995465,79.4014739229025,0.09501904689512078,9.732142857142858,14,,56.52,,6.187166069050752,0
2007-02-01,0,83.89672052154195,85.05511337868482,79.85758786848073,0.10284568083455334,9.732142857142858,14,128.25,57.55578947368421,2.7396855631588224,6.1951474120726,0
2007-03-01,0,84.53534013605442,87.39918367346937,82.3846740362812,0.10691067343706485,9.732142857142858,14,127.95,62.05045454545455,0.7611973513893089,5.931850074912605,0
2007-04-01,0,88.02230158730158,88.73529195011338,83.36756802721088,0.11545654381382439,9.732142857142858,14,127.45,67.4857894736842,4.124856474978533,6.09814084170331,0
2007-05-01,0,88.0873157596372,91.92730442176871,86.6424007936508,0.10616663208660727,9.732142857142858,14,127.65,67.21227272727273,0.07386102290354302,5.999619335136479,0
2007-06-01,0,88.9470634920635,91.48015306122447,86.54748299319728,0.1036872025336744,9.732142857142858,14,127.25,71.04571428571428,0.9760176309291602,5.545624413410029,0
2007-07-01,0,87.63924603174603,92.18358276643991,86.7054053287982,0.12055629450016181,9.732142857142858,14,127.05,76.92999999999999,-1.4703323628375564,6.250826753641091,0
2007-08-01,0,88.31067743764174,90.81953798185943,85.95214285714285,0.11117026059750067,9.732142857142858,14,126.175,70.76086956521739,0.766130970196266,5.511672275590415,0
2007-09-01,0,88.96206349206349,91.61173752834468,86.93793367346939,0.11462217475368089,9.732142857142858,14,125.15,77.17315789473685,0.7376073577079145,5.253704412209648,0
2007-10-01,0,89.6150028344671,92.04148809523811,87.53825680272111,0.1087894475869956,9.732142857142858,14,121.2,82.34,0.7339525599716623,5.025086369561547,0
2007-11-01,0,87.80729591836733,92.50774376417233,87.43676870748298,0.11348581448411593,9.732142857142858,14,119.15,92.41428571428571,-2.017192276876778,5.775118119345951,0
2007-12-01,0,88.53329365079365,90.88897392290251,86.20158163265307,0.10413671207589895,9.732142857142858,14,118.45,90.92684210526315,0.8268079831330599,5.294496676852612,0
2008-01-01,0,88.57856292517008,91.53035430839005,86.76828798185942,0.09609027004073266,9.732142857142858,14,117.95,92.17809523809524,0.05113248644625923,5.3760934579098505,0
2008-02-01,0,88.4016865079365,91.3968820861678,86.89503401360545,0.09239211296918105,9.732142857142858,14,117.025,94.9865,-0.19968309644287086,5.092491162098121,0
2008-03-01,0,90.71427437641724,91.85048185941044,87.06242346938775,0.08921164018835032,9.73214285714286,14,117.065,103.63550000000001,2.6159997165587034,5.278175262864059,0
2008-04-01,0,91.93465702947846,94.02835317460317,89.22857709750568,0.08949002737616148,9.732142857142858,14,117.895,109.07136363636364,1.3453038801779504,5.220856021204781,0
2008-05-01,0,93.61712868480724,95.28581349206347,90.32211734693878,0.08334130002320522,9.732142857142858,14,117.825,122.79714285714284,1.8300733474094555,5.30212388999517,0
2008-06-01,0,94.63895408163263,96.98950113378685,92.14521825396825,0.07973368121921548,9.732142857142858,14,117.875,132.32238095238094,1.0914940579578092,5.1186986657101725,0
2008-07-01,0,94.39702664399093,97.5856037414966,92.81199829931973,0.08585388908212993,9.732142857142858,14,117.775,132.71818181818182,-0.2556319857814904,5.056944706722654,0
2008-08-01,0,92.25135770975056,97.45648526077096,91.56563208616781,0.09062008920909388,9.732142857142858,14,117.625,113.24333333333334,-2.2730259739351166,6.385654716473092,0
2008-09-01,0,86.08314625850342,95.07827947845804,85.9674829931973,0.07495972433876362,9.732142857142858,14,117.625,97.23476190476191,-6.6863096699932845,10.583716884489188,0
2008-10-01,0,86.60714002267574,89.68810941043084,82.88564342403627,0.0803389958800484,9.732142857142858,14,117.7,71.58217391304348,0.6087065667869318,7.854393973306963,0
2008-11-01,0,83.85159863945577,90.23828231292518,83.35947562358275,0.07334210446457169,9.732142857142858,14,119.6,52.45263157894737,-3.181656134238464,8.203548651373776,0
2008-12-01,0,80.9248157596372,86.82940192743764,80.12663832199546,0.06907661389194605,9.732142857142858,14,138.0,39.94681818181818,-3.490431819198969,8.282704807571916,0
2009-01-01,0,88.17978458049889,88.19492346938777,78.61337585034013,0.0588151027410927,9.732142857142858,14,148.875,43.439499999999995,8.965073015934188,10.86592314171588,0
2009-02-01,0,89.60418934240363,93.0958701814059,85.00027777777778,0.06252931961187187,9.732142857142858,14,148.0,43.32473684210526,1.6153416213037008,9.03483694572863,0
2009-03-01,0,87.53573129251699,93.41499999999998,86.22930839002267,0.052751805144401046,9.732142857142858,14,148.75,46.540454545454544,-2.3084389971795405,8.208866829437891,0
2009-04-01,0,88.82293650793652,91.03474773242631,84.93843537414965,0.06223088938173227,9.732142857142858,14,149.55,50.18190476190476,1.4704911884703353,6.863443833262531,0
2009-05-01,0,86.14136904761904,91.97075113378686,85.43892290249434,0.05920871808804184,9.739285714285714,14,148.0,57.302499999999995,-3.0190033855476917,7.582684491213183,0
2009-06-01,0,88.0781037414966,89.46565759637188,83.65911848072561,0.05791252998385627,9.739285714285714,14,148.15,68.60954545454545,2.248321236695161,6.5924887900494324,0
2009-07-01,0,92.70298469387754,93.63345804988664,86.12199829931971,0.05361945963932321,9.739285714285714,14,156.85,64.43545454545455,5.250886152084577,8.102716191254427,0
2009-08-01,0,91.96888605442177,96.71337585034014,89.71111961451246,0.039717055885297316,9.746428571428572,14,154.075,72.50857142857143,-0.7918824209165343,7.613723005935034,0
2009-09-01,0,88.59275226757369,95.3338633786848,87.75687925170067,0.05338894671150855,9.746428571428572,14,147.25,67.64619047619047,-3.6709521357584873,8.552600447607295,0
2009-10-01,0,86.74210317460316,92.01449263038548,85.56340419501134,0.05355802303369948,9.746428571428572,14,150.9,72.76954545454545,-2.088939609169238,7.437090177982816,0
2009-11-01,0,86.20657029478457,89.44734977324264,84.01712301587301,0.05223207678248562,9.746428571428572,14,148.25,76.662,-0.6173851684695864,6.299086877950123,0
2009-12-01,0,89.1176842403628,90.1690192743764,84.37919501133787,0.04744455325249496,9.746428571428572,14,149.5,74.45636363636363,3.376904957039395,6.4968297957816805,0
2010-01-01,0,91.02933106575964,92.70941609977324,87.03788548752834,0.0580364840254924,9.753826530612246,14,150.93,76.16736842105263,2.1450813513520517,6.2304430295634905,0
2010-02-01,0,89.87161848072563,93.99475907029479,88.53229308390026,0.04992687209634639,9.753826530612244,14,150.35,73.75210526315789,-1.2718017055378228,6.078076793026761,0
2010-03-01,0,89.14123582766442,92.54187074829932,87.58088718820862,0.05027164691928145,9.753826530612246,14,150.0,78.82739130434783,-0.8126955599646379,5.565307137632353,0
2010-04-01,0,88.33555839002268,91.77257936507938,86.72687358276644,0.05244900465854245,9.753826530612244,14,150.875,84.81761904761905,-0.9038212564153159,5.711975872767946,0
2010-05-01,0,87.60679421768705,90.93495181405895,86.09559240362809,0.05820367555240339,9.753826530612246,14,151.25,75.94550000000001,-0.8249952630830282,5.523954453128288,0
2010-06-01,0,88.74140022675735,90.43734977324263,85.96004251700681,0.055603258739373704,9.753826530612244,14,150.2,74.7609090909091,1.2951118908095305,5.045342134330914,0
2010-07-01,0,87.62867063492062,91.27426020408164,86.666839569161,0.05726403528462313,9.753826530612244,14,150.15,75.58,-1.2539013233884178,5.257891739697983,0
2010-08-01,0,86.8183304988662,89.93416666666667,85.35128117913833,0.05376380117334632,9.753826530612246,14,151.65,77.03954545454545,-0.9247431578991661,5.278707228294598,0
2010-09-01,0,85.78644557823131,89.2886649659864,84.72005952380952,0.04902659531013421,9.753826530612246,14,154.35,77.8404761904762,-1.1885565118628594,5.325556282677106,0
2010-10-01,0,84.26098356009072,88.1371485260771,83.3351105442177,0.05208486376701145,9.760969387755102,14,150.8,82.6647619047619,-1.778208676042503,5.699005374693765,0
2010-11-01,0,85.6784948979592,87.09645124716553,82.31387188208615,0.055799752474597154,9.761224489795918,14,150.85,85.2747619047619,1.6822867215376958,5.582006746004712,0
2010-12-01,0,86.13980442176869,88.37876700680272,83.858537414966,0.046016614989336915,9.76122448979592,14,152.0,91.44681818181817,0.5384192665369492,5.2475503307439615,0
2011-01-01,0,86.65019557823129,88.70876984126984,84.03277494331066,0.05241921787492588,9.76122448979592,14,152.15,96.5235,0.5925148772843336,5.396404320562103,0
2011-02-01,0,87.03484410430838,89.15922335600908,84.83105725623584,0.053181408099721376,9.76122448979592,14,153.3,103.71631578947368,0.44390958786677537,4.972911877208716,0
2011-03-01,0,89.13642573696144,90.25232993197278,85.31838718820862,0.05818440450817793,9.76122448979592,14,155.1,114.64347826086957,2.4146439903246053,5.535271021887349,0
2011-04-01,0,89.08846655328799,91.92598072562359,87.09551587301587,0.06610511541054455,9.76122448979592,14,154.65,123.25888888888888,-0.05380424812521101,5.42209899832364,0
2011-05-01,0,88.4976984126984,91.6646626984127,86.94504251700678,0.06867418692904312,9.76122448979592,14,156.35,114.98904761904762,-0.6631252769809692,5.333042854285919,0
2011-06-01,0,87.83961734693878,90.99287131519274,86.26025793650794,0.06641955917668203,9.76122448979592,14,152.45,113.83318181818181,-0.7436137634797446,5.387789156676848,0
2011-07-01,0,91.09157879818592,91.92133219954647,86.18973356009072,0.07923731668765682,9.761224489795918,14,152.7,116.97349999999999,3.7021580346860095,6.292127894889333,0
2011-08-01,0,89.31403344671203,94.28134920634922,88.36308956916098,0.06602475290231599,9.761224489795918,14,154.65,110.21954545454545,-1.9513827457223631,6.626349084009614,0
2011-09-01,0,86.70563775510206,92.11603741496597,86.10791099773243,0.06454040278280752,9.76122448979592,14,159.85,112.83380952380953,-2.9204768735097364,6.929337667988033,0
2011-10-01,0,87.65423752834467,89.70810657596371,84.31984410430837,0.054633072743634034,9.76122448979592,14,159.2,109.55000000000001,1.0940462440538257,6.147178531914034,0
2011-11-01,0,87.70965986394557,90.53918083900226,85.50586734693877,0.061415806107303045,9.761224489795918,14,161.2,110.76809523809524,0.06322835856393816,5.738607925137453,0
2011-12-01,0,89.4234948979592,90.8098724489796,85.82258786848071,0.06203319461523609,9.76122448979592,14,162.2,107.87049999999999,1.953986638042049,5.577152387289118,0
2012-01-01,0,89.10552437641725,92.29966553287981,87.38261337868481,0.0696557917596284,9.76122448979592,14,160.9,110.68599999999999,-0.35557827605013914,5.51823491147801,0
2012-02-01,0,91.32008219954649,92.1650283446712,87.21979875283445,0.0717855351961255,9.76122448979592,14,157.2,119.327,2.485320454177531,5.41527063130623,0
2012-03-01,0,91.66075963718822,94.45245181405895,89.21922335600907,0.06691065698316288,9.76122448979592,14,157.75,125.44545454545455,0.37305861912968474,5.7093444116806955,0
2012-04-01,0,92.34140306122448,94.80651360544219,89.39657596371883,0.06898523883012582,9.764795918367346,14,157.3,119.42166666666668,0.7425679502661708,5.858626209238391,0
2012-05-01,0,92.51561791383219,95.17720238095238,90.25928571428571,0.06470173341443235,9.768367346938776,14,159.6,110.33952380952381,0.18866385698319554,5.315769139916627,0
2012-06-01,0,95.27459467120181,96.18053287981859,90.63250283446712,0.0624743587025702,9.775510204081632,14,162.5,95.15571428571428,2.982174058372822,5.823199840941904,0
2012-07-01,0,96.03582482993197,98.56502267573696,93.30721371882088,0.06982034823249701,9.775510204081632,14,160.5,102.61857142857141,0.7989854602448831,5.47484125452875,0
2012-08-01,0,97.15437358276644,98.98993764172336,94.04233276643991,0.06512203316829596,9.77908163265306,14,157.9,113.35608695652174,1.1647203060058953,5.092518939529314,0
2012-09-01,0,96.8603656462585,99.77812074829933,95.1016014739229,0.06176295543435923,9.779081632653062,14,157.1,112.8636842105263,-0.30261935275355256,4.828104088988719,0
2012-10-01,0,95.79695578231293,99.50014739229027,94.66638038548751,0.060733437633085786,9.77908163265306,14,157.01,111.7108695652174,-1.0978792583018149,5.045846151715837,0
2012-11-01,0,94.29649943310658,98.12617346938775,92.88347222222221,0.058601548567715094,9.78265306122449,14,157.3,109.05857142857143,-1.5662881319694177,5.5598047421523695,0
2012-12-01,0,94.71286848072559,97.41536564625851,92.1075425170068,0.06376879042489844,9.782908163265306,14,156.1,109.494,0.4415530270181378,5.604120342244584,0
2013-01-01,0,95.52624433106575,97.53946428571427,92.74183956916102,0.05658348057743721,9.782908163265304,14,157.1,112.96,0.8587807162716121,5.022310622750024,0
2013-02-01,0,96.14434807256234,98.9177380952381,93.26407312925168,0.051100295068966926,9.786479591836736,14,158.25,116.05052631578947,0.6470512327004352,5.880392430056792,0
2013-03-01,0,99.63445578231293,100.51631235827665,94.19426587301588,0.06400928681462113,9.786479591836734,14,158.45,108.474,3.6300705966787916,6.3452411473732955,0
2013-04-01,0,101.30052154195012,103.36524943310657,97.5501388888889,0.06009809158524515,9.786479591836734,14,157.9,102.24818181818182,1.6721783107616073,5.740454694312256,0
2013-05-01,0,100.98711451247165,104.67829365079365,98.66106009070295,0.059710565263292506,9.786479591836736,14,158.1,102.55863636363637,-0.30938343130709756,5.958417159594741,0
2013-06-01,0,102.30265022675735,104.76064058956915,98.54381235827664,0.062420423401168525,9.786479591836736,14,162.48,102.9195,1.302676802517455,6.0768985138827745,0
2013-07-01,0,104.18793083900228,106.16938208616781,100.00073412698411,0.060583942319196074,9.786479591836734,14,160.5,107.93318181818182,1.8428463075649937,5.920693413823415,0
2013-08-01,0,108.60883219954647,109.11694444444444,102.028537414966,0.07172864526624793,9.782908163265306,14,162.1,111.28045454545455,4.2431991161967275,6.526547506242357,0
2013-09-01,0,108.19647959183676,112.76850907029477,106.03078514739228,0.07858068996973241,9.782908163265306,14,161.2,111.59649999999999,-0.3796676562658252,6.227304204647005,0
2013-10-01,0,106.44733560090701,111.46106292517007,104.94495464852606,0.0895226201030665,9.782908163265306,14,158.7,109.07652173913044,-1.616636694214335,6.121438587316301,0
2013-11-01,0,101.13666099773242,109.8614058956916,100.67910997732429,0.0817540599385306,9.782908163265304,14,158.35,107.792,-4.989015998564216,9.079097359733076,0
2013-12-01,0,101.52193594104308,104.92273242630388,97.65101757369617,0.07031951777850798,9.782908163265306,14,159.9,110.75666666666666,0.3809448913083102,7.162703099781927,0
2014-01-01,0,97.01395691609979,105.14399376417235,96.26931405895691,0.05602477167437637,9.782908163265306,14,162.61,108.11772727272728,-4.4403989966870006,9.14783809188455,0
2014-02-01,0,95.92342687074829,100.46978458049887,93.8522448979592,0.05455700765591518,9.782908163265306,14,164.89,108.90052631578948,-1.124096037330602,6.898773217783862,0
2014-03-01,0,98.03211167800453,99.65123015873017,93.48120181405896,0.055862348179359346,9.782908163265304,14,165.0,107.48095238095237,2.198300119216534,6.293884972035729,0
2014-04-01,0,97.72728458049885,101.48770691609977,95.67506802721087,0.04984165554178421,9.782908163265304,14,160.6,107.7552380952381,-0.31094617089032495,5.947815816064116,0
2014-05-01,0,97.76453514739228,100.39325963718821,95.25560090702946,0.04801621290423981,9.779336734693876,14,162.69,109.53909090909092,0.03811685452361768,5.255135435782602,0
2014-06-01,0,98.52071712018142,101.24198129251702,95.78983843537416,0.04623739181393656,9.779336734693876,14,162.9,111.79523809523809,0.7734726827566929,5.534006467382909,0
2014-07-01,0,98.62229308390022,101.5091723356009,95.8392261904762,0.047698539161602556,9.779336734693876,14,161.8,106.76818181818182,0.10310112094991108,5.749152618365044,0
2014-08-01,0,98.97555555555554,102.52451814058959,96.22245181405897,0.04419246949588035,9.790051020408162,14,162.21,101.60809523809523,0.35819738175708604,6.367295733938301,0
2014-09-01,0,98.57073696145126,102.17541383219954,96.54018424036282,0.04148740991223808,9.790051020408162,14,163.5,97.09142857142858,-0.40900866060514796,5.71693969787456,0
2014-10-01,0,98.14358560090702,101.419929138322,96.33565476190475,0.04247222814134537,9.80816326530612,14,165.55,87.42521739130434,-0.43334500046529056,5.180444901505889,0
2014-11-01,0,98.36748866213149,100.80816326530612,96.0458843537415,0.041385104827962586,9.808163265306122,14,178.5,79.4378947368421,0.22813825259548892,4.841313910047959,0
2014-12-01,0,100.67441326530613,101.78642857142856,96.56336734693879,0.05125966197000559,9.822448979591837,14,182.9,62.33500000000001,2.3452104293303355,5.1880721775109775,0
2015-01-01,0,99.63667517006805,103.95824263038548,97.7312641723356,0.057892635356425505,9.822448979591838,14,187.5,47.7595,-1.0307863354548141,6.249685115868396,0
2015-02-01,0,93.48375566893425,102.43105725623582,93.13380668934242,0.06922190640487294,9.822448979591837,14,202.5,58.0955,-6.175356103193419,9.945311354219568,0
2015-03-01,0,100.9847335600907,101.3206462585034,89.84201247165534,0.06544555386844582,9.829591836734693,14,199.0,55.88545454545454,8.023830276695998,11.366702057017095,0
2015-04-01,0,102.11662414965987,106.88135770975056,96.81670351473922,0.0591340469187777,9.831660997732428,14,198.0,59.52428571428571,1.1208531722229464,9.856038895548298,0
2015-05-01,0,105.05946712018142,107.79380952380951,98.3186366213152,0.09139871123791057,9.842375283446714,14,199.0,64.075,2.881845140325612,9.018866326111578,0
2015-06-01,0,107.35341269841271,111.36497165532879,101.31916099773241,0.11101679197129936,9.842375283446712,14,198.98,61.47772727272727,2.183473456615914,9.357700333028081,0
2015-07-01,0,103.17545634920633,111.41217970521541,100.9477522675737,0.08337068133233194,9.842375283446712,14,198.95,56.56130434782609,-3.891777861728052,10.14236118541985,0
2015-08-01,0,103.49521258503401,108.5950680272109,99.00457199546486,0.131754337012237,9.842375283446712,14,199.0,46.515,0.30991501965877966,9.266608369799012,0
2015-09-01,0,98.70096088435376,107.5660232426304,97.078466553288,0.12280645997566872,9.842375283446712,14,198.98,47.62318181818182,-4.63234151699643,10.62558722364465,0
2015-10-01,0,98.8596343537415,103.35109410430842,94.2184693877551,0.09953467995344807,9.845946712018142,14,198.96,48.43,0.16076182842197362,9.237971368450314,0
2015-11-01,0,101.48942176870746,106.0109948979592,94.71251984126982,0.07787665764862121,9.845946712018142,14,198.8,44.26761904761905,2.6601225385438854,11.132662754191651,0
2015-12-01,0,110.96788548752836,113.29585884353743,97.5944671201814,0.11755431588361408,9.845946712018142,14,199.0,38.00545454545455,9.339361239462129,14.149491678942281,0
2016-01-01,0,113.3498469387755,120.09040249433107,105.45903061224487,0.09305062835645514,9.846201814058958,14,198.8,30.6995,2.1465322519053087,12.908153188763592,0
2016-02-01,0,114.12271258503404,121.39548185941045,106.1908560090703,0.09681099967565462,9.846201814058956,14,198.8,32.1815,0.6818409262396186,13.32304981710895,0
2016-03-01,0,120.07774659863946,123.55043934240366,108.10817743764174,0.0843285361714912,9.846201814058956,14,198.8,38.210454545454546,5.2180971506160745,12.860219601203683,1
2016-04-01,0,126.22068310657596,130.0733871882086,114.18424603174604,0.09901200158090996,9.846201814058956,14,198.8,41.583333333333336,5.115799289996081,12.588381527809023,1
2016-05-01,0,135.58985827664398,137.70732709750567,120.76803854875284,0.11025847892819572,9.846201814058958,14,198.8,46.742380952380955,7.422852530561119,12.493035072130246,1
2016-06-01,0,141.01896541950114,146.16753684807256,129.48437925170066,0.06521564987787432,9.846201814058958,14,281.72,48.24727272727273,4.004065799508516,11.830435393383498,1
2016-07-01,0,142.67580215419503,149.05833333333334,135.03403344671202,0.05631966420077928,9.839569160997732,14,318.0,44.951904761904764,1.174903481787104,9.8294873236211,1
2016-08-01,0,146.89769841269842,150.86788265306123,137.97524092970522,0.031984823967145824,9.837273242630387,14,310.0,45.843043478260874,2.9590835970493723,8.776612474305123,1
2016-09-01,0,145.32839569160998,152.49999716553287,141.582216553288,0.038303574202762515,9.838293650793654,14,304.5,46.567727272727275,-1.068296330062024,7.512489600045301,1
2016-10-01,0,144.09191326530612,150.74335884353744,141.57420918367345,0.04002056833624399,9.838803854875282,14,304.5,49.522380952380956,-0.8508195665544283,6.363403366697957,1
2016-11-01,0,143.21239229024943,149.05077380952383,140.75408730158728,0.0444080871084484,9.83982426303855,14,304.25,44.73409090909091,-0.6103888518971146,5.793274154042209,1
2016-12-01,0,144.15743480725624,148.19313492063495,139.9236394557823,0.04672872016913789,9.843877551020409,14,304.2,53.3085,0.6598887860845837,5.73643355676331,1
2017-01-01,0,147.564056122449,150.55486961451248,141.52836734693878,0.04012560145534312,9.843877551020407,14,304.25,54.57666666666666,2.3631256478360063,6.117006068255193,1
2017-02-01,0,148.7697760770975,153.0460090702948,144.33008786848072,0.049137750812096814,9.846655328798187,14,304.45,54.8695,0.8170824158208356,5.8586639246517285,1
2017-03-01,0,150.80094671201817,155.27201530612248,145.7073072562358,0.07521856664426256,9.854591836734693,14,305.35,51.589130434782604,1.365311347829179,6.342604776979444,1
2017-04-01,0,151.29057823129253,157.3255640589569,146.82236394557822,0.12085747659496193,9.856972789115646,14,309.895,52.30789473684211,0.3246872980243287,6.942401989713745,1
2017-05-01,0,152.85764455782314,158.188160430839,147.1821740362812,0.11905248094714084,9.858163265306121,14,304.35,50.326521739130435,1.0357990199064915,7.20015438311588,1
2017-06-01,0,152.00697845804987,159.7316666666667,148.49757936507936,0.10681024309031356,9.851417233560088,14,304.88,46.36818181818182,-0.55650870601468,7.3905076040227184,1
2017-07-01,0,152.35492630385488,158.27005385487524,147.64051303854873,0.0994456303649554,9.851814058956917,14,305.65,48.47857142857143,0.2289025473268147,6.976827775904719,1
2017-08-01,0,153.45181972789118,158.35292800453516,148.01433106575965,0.10399004462363666,9.858956916099775,14,305.0,51.70434782608696,0.7199592757825668,6.737357013496778,1
2017-09-01,0,151.79245464852607,159.55586167800456,148.89745464852606,0.10787597503103796,9.866893424036281,14,305.75,56.152857142857144,-1.0813590104748028,7.021697523870954,1
2017-10-01,0,149.88601190476192,157.47429705215418,147.2451558956916,0.11469113492026033,9.86014739229025,14,305.8,57.50772727272727,-1.255953563817458,6.824613602343506,1
2017-11-01,0,152.6508871882086,156.64199829931974,146.39810941043083,0.11162349689187182,9.874829931972789,14,305.5,62.71409090909091,1.8446519780668469,6.710664495686067,1
2017-12-01,0,159.09312358276642,162.78391723356012,149.05290532879818,0.09912280594286252,9.878656462585033,14,306.35,64.3736842105263,4.220241698703631,8.630801630856494,1
2018-01-01,0,167.6061536281179,172.2910289115646,153.788820861678,0.14188905528908505,9.88262471655329,14,305.2,69.07727272727273,5.35097297333702,11.03909829643787,1
2018-02-01,0,173.72427721088434,180.99806972789116,159.6478287981859,0.17873800270573245,9.88327664399093,14,305.4,65.3175,3.6502977070527187,12.28972787941903,1
2018-03-01,0,167.5907199546485,188.86893140589567,159.30855725623587,0.15617080574877493,9.879705215419502,14,305.15,66.01666666666667,-3.530627586834223,17.6384313866896,1
2018-04-01,0,158.323089569161,179.00033730158728,154.72797335600904,0.13166581410498684,9.879450113378685,14,305.2,72.10600000000001,-5.529918594535188,15.330905941533707,1
2018-05-01,0,155.7360119047619,167.36507936507937,148.66191609977324,0.1053107817074352,9.879450113378685,14,305.7,76.9752380952381,-1.6340495068907557,12.009530125083579,1
2018-06-01,0,155.1801020408163,165.84933106575963,148.10676020408164,0.08009318308337632,9.879450113378685,14,305.25,74.4047619047619,-0.3569565299293531,11.433534730510258,1
2018-07-01,0,154.87665816326532,163.50520691609978,148.48280045351476,0.10912018486706251,9.871797052154193,14,304.88,74.2540909090909,-0.1955430326184282,9.699593625495813,1
2018-08-01,0,151.78971088435372,162.03027210884352,147.83663265306123,0.10505170535285624,9.875368480725625,14,305.15,72.52826086956522,-1.9931649581807487,9.350857428403833,1
2018-09-01,0,150.64492630385487,158.26132653061225,146.75144557823128,0.09880280071965632,9.875368480725625,14,306.35,78.89099999999999,-0.7541911594857953,7.640403984907682,1
2018-10-01,0,148.92091553287983,156.46818310657596,146.09673469387755,0.09875809009249138,9.875368480725623,14,305.55,81.03217391304348,-1.144420069944918,6.964400115045311,1
2018-11-01,0,148.95302721088436,153.9972732426304,144.97232709750568,0.09680649026244251,9.875368480725625,14,305.78,64.74818181818182,0.021562906653915803,6.058920932400655,1
2018-12-01,0,148.7623327664399,153.7670493197279,145.80001133786848,0.08757969361592259,9.875368480725623,14,307.0,57.36235294117647,-0.1280232084001076,5.355547895560258,1
2019-01-01,0,148.9428344671202,153.51218253968253,145.5153486394558,0.0782944693410323,9.871797052154196,14,306.75,59.40954545454545,0.12133562127161213,5.369062519078129,1
2019-02-01,0,147.73106292517008,153.04626133786846,144.74281462585034,0.06768689641185835,9.875368480725625,14,305.82,63.9605,-0.8135816310234301,5.620650489886506,1
2019-03-01,0,146.50389455782312,152.57219954648528,144.10594104308393,0.04178831972673492,9.875368480725625,14,305.9,66.13857142857144,-0.8306772746694113,5.7788624179269386,1
2019-04-01,0,146.28199829931972,150.860589569161,142.6724149659864,0.0371816119883289,9.878939909297051,14,305.95,71.23333333333333,-0.15146099642819877,5.597527172427659,1
2019-05-01,0,146.23303571428568,151.15996598639455,142.88445578231293,0.03256099646686454,9.875368480725625,14,305.9,71.31772727272727,-0.03347136736118195,5.659124946465966,1
2019-06-01,0,144.75048752834465,150.59412698412703,142.5413463718821,0.03477506802174554,9.875368480725625,14,305.9,64.2205,-1.0138257601638445,5.563214846283717,1
2019-07-01,0,143.54468253968253,149.04156179138323,141.547429138322,0.03305064671929721,9.871797052154195,14,305.8,63.9191304347826,-0.8330230932217075,5.220766468301253,1
2019-08-01,0,143.15399376417236,147.67122165532882,140.48464569160998,0.03713114251126377,9.871797052154196,14,306.0,59.041818181818186,-0.2721722383566272,5.020171477407602,1
2019-09-01,0,142.70941609977325,147.46402210884352,140.14731292517007,0.04136467786000752,9.87281746031746,14,305.95,62.826666666666675,-0.3105590369567257,5.126998192297332,1
2019-10-01,0,144.50058673469388,147.3245068027211,139.8324858276644,0.058301629968979286,9.879960317460316,14,306.0,59.71304347826087,1.255117345353285,5.18476854963377,1
2019-11-01,0,146.20339852607708,149.15618197278908,141.71184240362814,0.052006346390397785,9.878939909297051,14,306.0,63.21190476190476,1.1784116797460387,5.091769168302309,1
2019-12-01,0,147.09354591836737,150.54100056689344,143.27989512471655,0.0650084659740778,9.875623582766439,14,306.0,67.21714285714286,0.6088417925055989,4.936386159462496,1
2020-01-01,0,146.53976190476192,151.04504818594106,143.90641439909297,0.06487572340782667,9.880215419501132,14,306.0,63.64545454545455,-0.3764842367134036,4.8714653920944535,1
2020-02-01,0,145.4862783446712,150.91721371882085,142.81067460317462,0.057557943961206434,9.876643990929706,14,305.9,55.657000000000004,-0.7189062861828521,5.572030027767323,1
2020-03-01,0,139.16077664399094,149.61545351473924,137.41468253968253,0.0712818076488153,9.876643990929706,14,360.0,32.01136363636363,-4.34783388004093,8.767392126783987,1
2020-04-01,0,136.71510770975055,144.36988945578233,133.24882369614514,0.10573332780452131,9.876643990929706,14,360.0,18.3785,-1.7574412799499117,8.134481950047158,1
2020-05-01,0,137.1036961451247,142.097783446712,132.08523242630386,0.11032238239777856,9.880215419501136,14,360.0,29.378947368421056,0.2842322563203048,7.302903788829886,1
2020-06-01,0,139.01701530612246,142.3152636054422,133.18937925170067,0.1254135920321073,9.880215419501136,14,360.0,40.26681818181818,1.395527046165479,6.564580841881743,1
2020-07-01,0,148.05817743764172,149.23675736961448,135.3425,0.09107036271352821,9.880215419501132,14,380.5,43.24217391304348,6.503637063139478,9.384322845299364,1
2020-08-01,0,155.17776077097508,157.15839002267572,142.94223922902492,0.08357442675626031,9.880215419501136,14,380.7,44.736000000000004,4.808639047533836,9.161203720829711,1
2020-09-01,0,161.6261224489796,164.78139739229027,149.36984410430838,0.06147755974450802,9.880215419501136,14,380.6,40.90954545454545,4.15546766879924,9.535310910429619,1
2020-10-01,0,161.2833390022676,169.71194727891157,155.35811224489794,0.06322640612794936,9.880215419501132,14,380.7,40.18954545454546,-0.21208418634196535,8.899763064684453,1
2020-11-01,0,167.9896173469388,170.00525793650795,156.09169217687074,0.0529159021788495,9.880215419501136,14,380.7,42.69238095238095,4.158072610697183,8.282396245300305,1
2020-12-01,0,168.63025510204082,174.78127267573694,162.90851190476192,0.05612208899106999,9.880215419501132,14,380.7,49.99363636363637,0.38135556543292815,7.040706167342642,1
2021-01-01,0,171.0719359410431,175.2361139455782,164.18313492063493,0.05229042723764306,9.880215419501132,14,380.7,54.774,1.4479494427170225,6.461012418046462,1
2021-02-01,0,172.9775,177.49636337868483,167.00605158730156,0.05977299670677947,9.880215419501136,14,380.58,62.2765,1.1138963550477499,6.064552783676072,1
2021-03-01,0,178.52041099773245,181.00415249433107,169.36239795918368,0.06421972742294561,9.880215419501132,14,380.55,65.41,3.204411555105402,6.521245649213331,1
2021-04-01,0,175.27384353741493,184.9113860544218,172.7277579365079,0.06805304023281819,9.88735827664399,14,380.55,64.8065,-1.8185973481535167,6.951195838478374,1
2021-05-01,0,176.86379535147395,181.82577947845806,170.98222222222225,0.07577103404763767,9.88735827664399,14,410.5,68.53421052631579,0.9071244071392925,6.131021464673914,1
2021-06-01,0,175.87900793650792,182.26852891156463,172.54917517006803,0.0747602258497451,9.887358276643992,14,411.0,73.1640909090909,-0.5568055423717522,5.526159065557885,1
2021-07-01,0,175.45156462585035,181.4143112244898,172.56189342403627,0.07719471483989877,9.88735827664399,14,411.0,75.1659090909091,-0.24303259136637667,5.045505190752375,1
2021-08-01,0,175.33658730158731,180.3807709750567,171.66058673469388,0.08490201161301135,9.88735827664399,14,411.0,70.74714285714286,-0.06553223079441839,4.973396810423644,1
2021-09-01,0,173.5393282312925,180.9285232426304,171.37010204081636,0.08348012550515,9.887358276643992,14,409.8,74.48863636363636,-1.0250336783408698,5.507927971851209,1
2021-10-01,0,173.02975340136052,178.2145323129252,169.6490702947846,0.08052227834012551,9.887358276643992,14,410.06,83.53809523809524,-0.29363651174955097,4.950282740259201,1
2021-11-01,0,176.47186507936507,179.43517006802725,170.09610260770975,0.07606852961860758,9.894501133786848,14,409.64,81.05,1.989317796702994,5.2920999367901596,1
2021-12-01,0,179.66571145124718,183.59269557823131,172.57369897959185,0.08091496282975277,9.894501133786848,14,411.7,74.1704761904762,1.8098331824428326,6.133054832574159,1
2022-01-01,0,193.14176870748298,195.218560090703,175.5762188208617,0.10800128685708256,9.894246031746032,14,415.33,86.50523809523808,7.5006283321303435,10.169908560581739,2
2022-02-01,0,199.13298752834467,207.43651077097505,185.94181689342403,0.1114292768250281,9.893990929705215,14,415.52,97.12899999999999,3.1019798881180893,10.79414020968849,2
2022-03-01,0,206.14628684807255,214.58501417233558,190.67460034013604,0.12781003043474803,9.893990929705215,14,415.25,117.24521739130434,3.5219173913762614,11.598760374384643,2
2022-04-01,0,199.93603174603172,219.69967403628115,193.4114342403628,0.09534353097721233,9.893480725623581,14,414.76,104.57526315789474,-3.0125476412862673,13.14832527501142,2
2022-05-01,0,194.9341808390023,211.5706094104309,188.16863095238094,0.08117373965501895,9.892970521541951,14,414.7,113.33761904761906,-2.5017256086101614,12.005066713968366,2
2022-06-01,0,197.9057142857143,205.02953798185945,186.65096371882086,0.08470568575994755,9.892970521541951,14,414.77,122.71095238095238,1.5243778355968463,9.286530370975361,2
2022-07-01,0,205.54501984126983,209.68713718820865,191.94732142857146,0.08035642125581664,9.892970521541951,14,415.37,111.92571428571429,3.860073259191865,8.630623000905883,2
2022-08-01,0,205.35643140589568,214.9119954648526,196.98740646258506,0.08046956994165079,9.892970521541951,14,421.38,100.44636363636364,-0.09175042796940591,8.728525753760705,2
2022-09-01,0,202.42285997732424,214.29215419501134,196.79884920634922,0.08431582706100549,9.892970521541951,14,431.87,89.7647619047619,-1.4285266882015035,8.641961184928297,2
2022-10-01,0,209.8890901360544,214.01250000000002,195.88803287981858,0.0753599465443194,9.892970521541953,14,437.85,93.33190476190477,3.688432304319056,8.635259273568142,2
2022-11-01,0,233.64959750566896,234.1971768707483,204.77723639455783,0.10815150587270524,9.89297052154195,14,443.44,91.41545454545455,11.320506155995314,12.591479202302786,2
2022-12-01,0,248.9432142857143,255.75333900226755,224.1201899092971,0.10620654415969788,9.892970521541951,14,447.58,80.924,6.545535255918544,12.706973830853174,2
2023-01-01,0,253.7467715419501,267.4032993197279,238.68399092970523,0.1002113262090091,9.89047619047619,14,460.02,82.50142857142858,1.9295795107404423,11.318098045347835,2
2023-02-01,0,230.96002267573695,268.20251984126986,229.0677267573696,0.0825191659398314,9.890079365079364,14,459.97,82.58500000000001,-8.980113807062162,16.944401299633007,2
2023-03-01,0,225.9309722222222,243.94821428571433,217.3130555555555,0.055347882083530656,9.890986394557824,14,459.84,78.43434782608696,-2.177454953135083,11.789069231269846,2
2023-04-01,0,224.13090702947846,238.47289682539682,214.580070861678,0.06757821814935337,9.87582199546485,14,459.97,84.63833333333334,-0.7967323714135222,10.660210267464965,2
2023-05-01,0,226.84280895691612,237.06001417233557,215.37770408163263,0.04931435990778333,9.86485260770975,14,460.6,75.466,1.2099633929920195,9.558297303054921,2
2023-06-01,1,252.01739795918365,253.86556689342402,219.345731292517,0.03423878683760578,9.863066893424037,14,758.77,74.83909090909091,11.097812233073224,13.697401798624156,2
2023-07-01,1,270.50730725623583,275.9121088435374,241.5085204081632,0.058833822944404694,9.867545351473924,14,758.9,80.10809523809523,7.33675906773974,12.718173414363877,2
2023-08-01,1,262.9769444444444,287.5557199546485,254.65991213151923,0.09803405023564457,9.868962585034012,14,773.0,86.14772727272727,-2.7837927515423244,12.509008305889235,2
2023-09-01,1,261.26010487528345,277.9148667800454,249.12290249433107,0.10451773595532116,9.871145124716552,14,768.0,93.72238095238096,-0.6528479417798105,11.020421315171175,2
2023-10-01,1,282.14756802721087,286.7514342403628,251.32023242630382,0.10247371651023314,9.875,14,785.0,90.59590909090909,7.9948919724649015,12.557684640628176,2
2023-11-01,1,312.57111961451244,316.2214257369614,271.748914399093,0.10611913232624892,9.867205215419501,14,790.0,82.94,10.78285090317257,14.227965588348484,2
2023-12-01,1,358.0303684807256,361.6800453514739,298.3646060090703,0.08986438019732414,9.834552154195011,14,881.03,77.63105263157895,14.543649753143262,17.684376778170463,3
2024-01-01,1,402.2245663265306,407.70312925170066,338.7866865079365,0.1289456942691763,9.835742630385488,14,1191.94,80.12409090909091,12.34370090820498,17.133822375189528,3
2024-02-01,1,435.5904166666667,456.03237244897963,376.6712103174603,0.1319927303044494,9.835345804988663,14,1616.55,83.47809523809524,8.295328812176361,18.219216744671876,3
2024-03-01,1,459.2587301587301,482.2119642857142,413.0561876417233,0.11226862674397443,9.834552154195011,14,1303.0,85.4085,5.433616669802777,15.058130004428905,3
2024-04-01,1,450.6054733560091,493.20051587301583,433.15660430839,0.10389672627609868,9.834552154195011,14,1389.0,89.93809523809524,-1.884179055176638,13.325162501341177,3
2024-05-01,1,454.50472222222214,482.0739314058957,429.22307539682544,0.1007145666370393,9.833361678004536,14,1484.0,81.74619047619048,0.8653354423709736,11.628230340636534,3
2024-06-01,1,466.1253599773242,487.4443820861678,436.3616893424036,0.08002300716670352,9.832312925170068,14,1525.0,82.24600000000001,2.5567694210711256,10.959003120158329,3
2024-07-01,1,470.1043112244898,494.97578231292516,452.99322845804994,0.09582925247995992,9.831292517006801,14,1660.0,85.15304347826087,0.8536225635436656,8.930476248031518,3
2024-08-01,1,466.06768424036284,494.0885090702947,455.11266156462574,0.09146191558965912,9.829761904761906,14,1590.0,80.3552380952381,-0.8586662338008866,8.362701131960085,3
2024-09-01,2,463.4430612244897,488.59702947845807,453.44408446712026,0.09094052661803301,9.830158730158729,14,1643.97,74.01666666666667,-0.5631420294996303,7.585170208063571,3
2024-10-01,2,483.80334750566897,492.4044501133787,453.68561791383223,0.0992361540557886,9.830555555555557,14,1618.26,75.63260869565217,4.393265966132742,8.003010396510902,3
2024-11-01,2,497.0266666666666,512.0581009070294,470.6443849206349,0.09711528331243828,9.832624716553287,14,1670.89,74.3452380952381,2.73320125401626,8.332292563724515,3
2024-12-01,2,500.67451247165525,525.5750198412699,481.50962868480707,0.12317962261171922,9.830839002267576,14,1534.0,73.8595,0.733933619588889,8.801205185965497,3
2025-01-01,2,501.36630668934237,527.5903656462585,486.8061904761906,0.11118110058921767,9.833021541950114,14,1481.0,79.27045454545454,0.1381724454620148,8.134606300007857,3
2025-02-01,2,479.4214342403628,525.4088180272108,476.40554138321994,0.08709382700466566,9.833531746031747,14,1503.0,75.438,-4.377013803318275,10.221336207388381,3
2025-03-01,2,482.2385969387756,503.5827664399093,465.9493877551019,0.07332241793525113,9.808134920634922,14,1537.77,72.73285714285714,0.5876171771244554,7.803891875039043,3
2025-04-01,2,491.4975,507.1807879818594,472.8941950113378,0.07779429512444797,9.808390022675738,14,1602.39,68.1345,1.919983825434013,6.975944530851451,3
2025-05-01,2,498.16186507936516,513.70375,482.31387471655336,0.08493401499832591,9.809438775510205,14,1587.95,64.453,1.35593061599808,6.301139746705771,3
2025-06-01,2,503.86377834467123,519.5722052154194,490.58469954648524,0.08903900156572711,9.810232426303855,14,1536.375,71.4447619047619,1.1445904765106096,5.753044158912553,3
2025-07-01,2,513.6281150793651,526.6837811791382,496.7109126984127,0.09368498827638133,9.806660997732427,14,1530.895,71.04130434782608,1.9378921752963407,5.835519435320275,3
2025-08-01,2,527.8459835600908,538.6292375283447,505.88022108843535,0.09735864155332578,9.78231292517007,14,1536.95,67.87,2.7681250428685633,6.204275008219539,3
2025-09-01,2,535.4560402494332,552.3703741496598,516.326414399093,0.10540262043279788,9.784126984126985,14,1483.175,67.98545454545454,1.4417191617175584,6.731450771155065,3
2025-10-01,2,583.965096371882,590.3610884353741,526.6354903628118,0.16709063103214547,9.786196145124718,14,1446.81,64.54347826086956,9.059390963234204,10.912569684127222,3
2025-11-01,2,589.3896201814059,640.6952154195012,542.6262585034013,0.24160700079905187,9.788492063492066,14,1447.335,63.797000000000004,0.9289123345257888,16.639070923223183,3
2025-12-01,2,614.0066213151928,642.6458560090704,559.9737103174604,0.274832238090923,9.781179138321997,14,1444.57,62.54428571428572,4.176694039201112,13.464373643809827,3
2026-01-01,2,640.3167488662131,676.4982936507938,582.3835204081632,0.30776622932472325,9.77278911564626,14,1386.455,66.60238095238095,4.284990851509773,14.698158904835207,3
2026-02-01,2,640.6091553287982,690.7994387755101,605.255212585034,0.28678746526024623,9.786819727891157,14,1361.88,70.887,0.045665908802616784,13.353575339798232,3
2026-03-01,2,684.8421513605443,710.859810090703,616.154880952381,0.2569407228092268,9.786819727891157,14,1386.46,103.13454545454546,6.904833573451374,13.828723735853023,3
2026-04-01,2,696.7920408163266,736.7603656462585,660.598537414966,0.2546572291065923,9.786819727891157,14,1375.735,117.2875,1.7449114999773307,10.93035278389017,3
