"Date","Price","Open","High","Low","Vol.","Change %"
"01/04/2026","1,375.735","1,385.540","1,388.520","1,337.500","","-0.77%"
"01/03/2026","1,386.460","1,359.500","1,418.920","1,347.870","","1.80%"
"01/02/2026","1,361.880","1,392.000","1,401.830","1,333.795","","-1.77%"
"01/01/2026","1,386.455","1,444.575","1,448.750","1,375.645","","-4.02%"
"01/12/2025","1,444.570","1,443.000","1,464.645","1,439.745","","-0.19%"
"01/11/2025","1,447.335","1,446.810","1,459.840","1,425.100","","0.04%"
"01/10/2025","1,446.810","1,483.240","1,503.750","1,429.150","","-2.45%"
"01/09/2025","1,483.175","1,532.570","1,539.760","1,475.000","","-3.50%"
"01/08/2025","1,536.950","1,530.890","1,539.625","1,509.000","","0.40%"
"01/07/2025","1,530.895","1,545.000","1,545.000","1,522.545","","-0.36%"
"01/06/2025","1,536.375","1,587.000","1,590.500","1,528.675","","-3.25%"
"01/05/2025","1,587.950","1,602.065","1,613.895","1,579.540","","-0.90%"
"01/04/2025","1,602.390","1,537.730","1,644.010","1,526.500","","4.20%"
"01/03/2025","1,537.770","1,499.070","1,560.000","1,491.335","","2.31%"
"01/02/2025","1,503.000","1,481.000","1,552.500","1,442.500","","1.49%"
"01/01/2025","1,481.000","1,538.570","1,575.500","1,442.500","","-3.46%"
"01/12/2024","1,534.000","1,682.890","1,707.500","1,485.000","","-8.19%"
"01/11/2024","1,670.890","1,643.260","1,717.500","1,620.000","","3.25%"
"01/10/2024","1,618.260","1,668.970","1,693.550","1,590.690","","-1.56%"
"01/09/2024","1,643.970","1,598.640","1,685.000","1,497.500","","3.39%"
"01/08/2024","1,590.000","1,620.000","1,620.000","1,480.000","","-4.22%"
"01/07/2024","1,660.000","1,513.730","1,670.000","1,305.000","","8.85%"
"01/06/2024","1,525.000","1,485.000","1,541.365","1,425.900","","2.76%"
"01/05/2024","1,484.000","1,390.000","1,549.925","1,197.050","","6.84%"
"01/04/2024","1,389.000","1,304.340","1,450.000","1,002.000","","6.60%"
"01/03/2024","1,303.000","1,617.550","1,687.115","1,275.500","","-19.40%"
"01/02/2024","1,616.550","1,192.940","1,680.750","950.500","","35.62%"
"01/01/2024","1,191.940","882.030","1,250.750","849.500","","35.29%"
"01/12/2023","881.030","790.500","906.695","788.500","","11.52%"
"01/11/2023","790.000","787.500","846.470","786.045","","0.64%"
"01/10/2023","785.000","769.550","884.500","747.100","","2.21%"
"01/09/2023","768.000","773.500","798.500","738.040","","-0.65%"
"01/08/2023","773.000","760.400","792.500","740.500","","1.86%"
"01/07/2023","758.900","760.270","799.500","756.500","","0.02%"
"01/06/2023","758.770","461.100","775.500","460.500","","64.74%"
"01/05/2023","460.600","460.470","465.500","460.300","","0.14%"
"01/04/2023","459.970","460.340","460.540","459.970","","0.03%"
"01/03/2023","459.840","460.470","460.550","460.290","","-0.03%"
"01/02/2023","459.970","460.520","460.600","459.490","","-0.01%"
"01/01/2023","460.020","448.080","460.520","445.500","","2.78%"
"01/12/2022","447.580","443.940","455.500","443.500","","0.93%"
"01/11/2022","443.440","438.350","443.940","438.350","","1.28%"
"01/10/2022","437.850","432.370","441.500","414.380","","1.38%"
"01/09/2022","431.870","421.880","435.500","419.500","","2.49%"
"01/08/2022","421.380","415.870","428.500","415.850","","1.45%"
"01/07/2022","415.370","415.270","425.500","414.700","","0.14%"
"01/06/2022","414.770","415.200","419.500","414.290","","0.02%"
"01/05/2022","414.700","415.260","415.500","414.300","","-0.01%"
"01/04/2022","414.760","415.750","415.750","414.500","","-0.12%"
"01/03/2022","415.250","416.020","416.090","411.000","","-0.06%"
"01/02/2022","415.520","415.830","417.050","414.760","","0.05%"
"01/01/2022","415.330","411.950","415.830","411.930","","0.88%"
"01/12/2021","411.700","409.890","413.500","409.890","","0.50%"
"01/11/2021","409.640","410.310","414.230","409.500","","-0.10%"
"01/10/2021","410.060","410.800","413.500","410.100","","0.06%"
"01/09/2021","409.800","411.500","413.500","409.260","","-0.29%"
"01/08/2021","411.000","411.500","412.000","409.500","","0.00%"
"01/07/2021","411.000","411.500","411.500","411.250","","0.00%"
"01/06/2021","411.000","413.000","413.375","408.500","","0.12%"
"01/05/2021","410.500","381.050","413.450","380.750","","7.87%"
"01/04/2021","380.550","381.050","381.275","380.750","","0.00%"
"01/03/2021","380.550","381.080","381.290","380.750","","-0.01%"
"01/02/2021","380.580","381.200","381.350","380.750","","-0.03%"
"01/01/2021","380.700","381.200","381.350","380.250","","0.00%"
"01/12/2020","380.700","381.200","381.350","380.250","","0.00%"
"01/11/2020","380.700","381.200","382.345","380.250","","0.00%"
"01/10/2020","380.700","381.100","381.350","380.250","","0.03%"
"01/09/2020","380.600","381.200","381.350","380.250","","-0.03%"
"01/08/2020","380.700","381.000","381.500","379.500","","0.05%"
"01/07/2020","380.500","360.500","385.500","360.500","","5.69%"
"01/06/2020","360.000","360.500","361.250","360.500","","0.00%"
"01/05/2020","360.000","360.500","361.750","360.250","","0.00%"
"01/04/2020","360.000","360.500","361.500","360.250","","0.00%"
"01/03/2020","360.000","306.400","380.250","305.550","","17.69%"
"01/02/2020","305.900","306.500","307.250","306.400","","-0.03%"
"01/01/2020","306.000","306.500","307.500","305.550","","0.00%"
"01/12/2019","306.000","306.500","307.200","306.350","","0.00%"
"01/11/2019","306.000","306.500","307.450","306.400","","0.00%"
"01/10/2019","306.000","306.450","307.475","306.400","","0.02%"
"01/09/2019","305.950","306.500","307.250","306.300","","-0.02%"
"01/08/2019","306.000","306.300","307.250","306.300","","0.07%"
"01/07/2019","305.800","306.400","307.250","306.300","","-0.03%"
"01/06/2019","305.900","306.400","307.250","306.340","","0.00%"
"01/05/2019","305.900","306.450","314.750","306.340","","-0.02%"
"01/04/2019","305.950","306.400","314.750","304.250","","0.02%"
"01/03/2019","305.900","314.750","314.750","306.300","","0.03%"
"01/02/2019","305.820","307.250","314.750","305.550","","-0.30%"
"01/01/2019","306.750","306.850","314.750","304.750","","-0.08%"
"01/12/2018","307.000","306.280","307.500","304.750","","0.40%"
"01/11/2018","305.780","306.050","314.750","304.750","","0.08%"
"01/10/2018","305.550","305.750","314.750","304.700","","-0.26%"
"01/09/2018","306.350","305.650","314.750","304.600","","0.39%"
"01/08/2018","305.150","305.380","315.250","304.750","","0.09%"
"01/07/2018","304.880","314.750","315.250","304.750","","-0.12%"
"01/06/2018","305.250","306.200","315.250","305.500","","-0.15%"
"01/05/2018","305.700","305.850","315.250","305.450","","0.16%"
"01/04/2018","305.200","315.050","315.250","305.300","","0.02%"
"01/03/2018","305.150","314.750","321.000","305.150","","-0.08%"
"01/02/2018","305.400","314.750","315.250","305.250","","0.07%"
"01/01/2018","305.200","314.750","315.250","305.250","","-0.38%"
"01/12/2017","306.350","314.750","315.250","305.500","","0.28%"
"01/11/2017","305.500","315.250","320.250","305.250","","-0.10%"
"01/10/2017","305.800","314.750","325.250","305.300","","0.02%"
"01/09/2017","305.750","305.800","328.250","305.250","","0.25%"
"01/08/2017","305.000","314.750","315.250","301.750","","-0.21%"
"01/07/2017","305.650","305.320","332.550","305.090","","0.25%"
"01/06/2017","304.880","319.855","327.330","304.750","","0.17%"
"01/05/2017","304.350","305.300","326.800","304.800","","-1.79%"
"01/04/2017","309.895","305.850","323.500","305.000","","1.49%"
"01/03/2017","305.350","304.950","318.500","302.500","","0.30%"
"01/02/2017","304.450","304.750","318.500","304.480","","0.07%"
"01/01/2017","304.250","304.700","319.215","304.500","","0.02%"
"01/12/2016","304.200","304.750","319.500","304.500","","-0.02%"
"01/11/2016","304.250","305.000","329.500","304.500","","-0.08%"
"01/10/2016","304.500","305.000","328.200","304.500","","0.00%"
"01/09/2016","304.500","315.250","340.250","304.750","","-1.77%"
"01/08/2016","310.000","318.500","354.250","306.250","","-2.52%"
"01/07/2016","318.000","282.250","322.250","280.250","","12.88%"
"01/06/2016","281.720","198.980","286.500","198.050","","41.71%"
"01/05/2016","198.800","198.990","199.310","198.050","","0.00%"
"01/04/2016","198.800","198.810","199.300","198.050","","0.00%"
"01/03/2016","198.800","199.250","199.330","198.050","","0.00%"
"01/02/2016","198.800","199.250","199.300","198.050","","0.00%"
"01/01/2016","198.800","199.050","201.050","197.500","","-0.10%"
"01/12/2015","199.000","199.160","199.400","198.020","","0.10%"
"01/11/2015","198.800","198.500","199.380","198.050","","-0.08%"
"01/10/2015","198.960","199.050","199.380","198.050","","-0.01%"
"01/09/2015","198.980","199.050","199.305","197.775","","-0.01%"
"01/08/2015","199.000","199.200","199.400","197.775","","0.03%"
"01/07/2015","198.950","199.000","199.390","197.775","","-0.02%"
"01/06/2015","198.980","199.000","199.240","195.050","","-0.01%"
"01/05/2015","199.000","198.050","199.450","198.050","","0.51%"
"01/04/2015","198.000","199.050","199.100","198.050","","-0.50%"
"01/03/2015","199.000","202.550","202.550","195.050","","-1.73%"
"01/02/2015","202.500","190.500","206.100","187.550","","8.00%"
"01/01/2015","187.500","183.450","194.610","178.550","","2.52%"
"01/12/2014","182.900","178.550","187.450","177.050","","2.46%"
"01/11/2014","178.500","165.550","178.750","165.470","","7.82%"
"01/10/2014","165.550","163.680","166.125","163.550","","1.25%"
"01/09/2014","163.500","161.800","164.450","161.800","","0.80%"
"01/08/2014","162.210","161.740","163.060","160.480","","0.25%"
"01/07/2014","161.800","162.950","163.150","161.200","","-0.68%"
"01/06/2014","162.900","162.630","164.800","161.800","","0.13%"
"01/05/2014","162.690","160.700","163.480","158.320","","1.30%"
"01/04/2014","160.600","164.900","165.075","160.400","","-2.67%"
"01/03/2014","165.000","165.150","165.650","163.550","","0.07%"
"01/02/2014","164.890","162.660","168.000","162.250","","1.40%"
"01/01/2014","162.610","160.050","163.400","158.050","","1.69%"
"01/12/2013","159.900","158.300","161.190","157.900","","0.98%"
"01/11/2013","158.350","158.600","159.700","157.850","","-0.22%"
"01/10/2013","158.700","161.700","162.250","158.150","","-1.55%"
"01/09/2013","161.200","162.150","164.350","159.075","","-0.56%"
"01/08/2013","162.100","160.250","163.700","159.200","","1.00%"
"01/07/2013","160.500","162.500","162.500","159.750","","-1.22%"
"01/06/2013","162.480","158.450","162.600","158.050","","2.77%"
"01/05/2013","158.100","158.100","158.840","157.250","","0.13%"
"01/04/2013","157.900","158.175","159.275","157.180","","-0.35%"
"01/03/2013","158.450","158.250","159.780","157.250","","0.13%"
"01/02/2013","158.250","157.350","158.600","156.750","","0.73%"
"01/01/2013","157.100","156.150","157.500","155.800","","0.64%"
"01/12/2012","156.100","157.500","158.250","156.000","","-0.76%"
"01/11/2012","157.300","157.250","158.600","156.250","","0.18%"
"01/10/2012","157.010","157.650","157.750","156.275","","-0.06%"
"01/09/2012","157.100","158.000","158.600","157.100","","-0.51%"
"01/08/2012","157.900","160.750","161.955","156.350","","-1.62%"
"01/07/2012","160.500","162.550","163.270","157.875","","-1.23%"
"01/06/2012","162.500","159.950","163.600","159.875","","1.82%"
"01/05/2012","159.600","157.130","160.400","156.400","","1.46%"
"01/04/2012","157.300","157.415","159.400","156.775","","-0.29%"
"01/03/2012","157.750","157.250","159.500","156.375","","0.35%"
"01/02/2012","157.200","161.280","161.550","156.100","","-2.30%"
"01/01/2012","160.900","162.200","163.170","159.350","","-0.80%"
"01/12/2011","162.200","161.250","165.250","159.500","","0.62%"
"01/11/2011","161.200","160.000","161.600","155.250","","1.26%"
"01/10/2011","159.200","159.850","167.900","153.850","","-0.41%"
"01/09/2011","159.850","154.600","160.600","152.350","","3.36%"
"01/08/2011","154.650","152.950","156.775","150.925","","1.28%"
"01/07/2011","152.700","152.450","154.050","150.000","","0.16%"
"01/06/2011","152.450","155.300","157.050","151.600","","-2.49%"
"01/05/2011","156.350","156.350","156.350","156.350","","1.10%"
"01/04/2011","154.650","154.650","154.650","154.650","","-0.29%"
"01/03/2011","155.100","155.100","155.100","155.100","","1.17%"
"01/02/2011","153.300","153.300","153.300","153.300","","0.76%"
"01/01/2011","152.150","152.150","152.150","152.150","","0.10%"
"01/12/2010","152.000","152.000","152.000","152.000","","0.76%"
"01/11/2010","150.850","150.850","150.850","150.850","","0.03%"
"01/10/2010","150.800","150.800","150.800","150.800","","-2.30%"
"01/09/2010","154.350","154.350","154.350","154.350","","1.78%"
"01/08/2010","151.650","151.650","151.650","151.650","","1.00%"
"01/07/2010","150.150","150.150","150.150","150.150","","-0.03%"
"01/06/2010","150.200","150.200","150.200","150.200","","-0.69%"
"01/05/2010","151.250","151.250","151.250","151.250","","0.25%"
"01/04/2010","150.875","150.875","150.875","150.875","","0.58%"
"01/03/2010","150.000","150.000","150.000","150.000","","-0.23%"
"01/02/2010","150.350","150.350","150.350","150.350","","-0.38%"
"01/01/2010","150.930","150.930","150.930","150.930","","0.96%"
"01/12/2009","149.500","149.500","149.500","149.500","","0.84%"
"01/11/2009","148.250","148.250","148.250","148.250","","-1.76%"
"01/10/2009","150.900","150.900","150.900","150.900","","2.48%"
"01/09/2009","147.250","147.250","147.250","147.250","","-4.43%"
"01/08/2009","154.075","154.075","154.075","154.075","","-1.77%"
"01/07/2009","156.850","156.850","156.850","156.850","","5.87%"
"01/06/2009","148.150","148.150","148.150","148.150","","0.10%"
"01/05/2009","148.000","148.000","148.000","148.000","","-1.04%"
"01/04/2009","149.550","149.550","149.550","149.550","","0.54%"
"01/03/2009","148.750","148.750","148.750","148.750","","0.51%"
"01/02/2009","148.000","148.000","148.000","148.000","","-0.59%"
"01/01/2009","148.875","148.875","148.875","148.875","","7.88%"
"01/12/2008","138.000","138.000","138.000","138.000","","15.38%"
"01/11/2008","119.600","119.600","119.600","119.600","","1.61%"
"01/10/2008","117.700","117.700","117.700","117.700","","0.06%"
"01/09/2008","117.625","117.625","117.625","117.625","","0.00%"
"01/08/2008","117.625","117.625","117.625","117.625","","-0.13%"
"01/07/2008","117.775","117.775","117.775","117.775","","-0.08%"
"01/06/2008","117.875","117.875","117.875","117.875","","0.04%"
"01/05/2008","117.825","117.825","117.825","117.825","","-0.06%"
"01/04/2008","117.895","117.895","117.895","117.895","","0.71%"
"01/03/2008","117.065","117.065","117.065","117.065","","0.03%"
"01/02/2008","117.025","117.025","117.025","117.025","","-0.78%"
"01/01/2008","117.950","117.950","117.950","117.950","","-0.42%"
"01/12/2007","118.450","118.450","118.450","118.450","","-0.59%"
"01/11/2007","119.150","119.150","119.150","119.150","","-1.69%"
"01/10/2007","121.200","121.200","121.200","121.200","","-3.16%"
"01/09/2007","125.150","125.150","125.150","125.150","","-0.81%"
"01/08/2007","126.175","126.175","126.175","126.175","","-0.69%"
"01/07/2007","127.050","127.050","127.050","127.050","","-0.16%"
"01/06/2007","127.250","127.250","127.250","127.250","","-0.31%"
"01/05/2007","127.650","127.650","127.650","127.650","","0.16%"
"01/04/2007","127.450","127.450","127.450","127.450","","-0.39%"
"01/03/2007","127.950","127.950","127.950","127.950","","-0.23%"
"01/02/2007","128.250","128.250","128.250","128.250","","0.04%"